0,1.5018137097358704
1,1.4368828535079956
2,1.3731623888015747
3,1.3521299958229065
4,1.3122408390045166
5,1.2827516198158264
6,1.2671957612037659
7,1.2657902836799622
8,1.2456032037734985
9,1.235961675643921
10,1.2194212079048157
11,1.1996885538101196
12,1.1874090433120728
13,1.1947928667068481
14,1.1619356274604797
15,1.1625030040740967
16,1.1476606130599976
17,1.1640793085098267
18,1.1452244520187378
19,1.1246801614761353
20,1.1016190648078918
21,1.0993570685386658
22,1.1025387048721313
23,1.0829421281814575
24,1.0646127462387085
25,1.0762366652488708
26,1.0459575653076172
27,1.0497767329216003
28,1.0272777676582336
29,1.0374125838279724
30,1.0351582765579224
31,0.9934251308441162
32,0.9780157506465912
33,0.9860340356826782
34,0.9948126077651978
35,0.9829291701316833
36,0.9728184342384338
37,0.9506567418575287
38,0.9544403254985809
39,0.9566722512245178
40,0.9279642105102539
41,0.9520581662654877
42,0.94226935505867
43,0.9064456820487976
44,0.9236548244953156
45,0.9000316262245178
46,0.8881673812866211
47,0.9111144244670868
48,0.8959296643733978
49,0.8848822116851807
50,0.8636887669563293
51,0.8758390247821808
52,0.8750531077384949
53,0.8747037351131439
54,0.8426413536071777
55,0.8501016795635223
56,0.8204386532306671
57,0.8131817877292633
58,0.8395889103412628
59,0.8415555059909821
60,0.8236156702041626
61,0.8176591396331787
62,0.8124036490917206
63,0.7890849113464355
64,0.8204160034656525
65,0.8037397265434265
66,0.8179043829441071
67,0.7656068801879883
68,0.812261164188385
69,0.8047308921813965
70,0.7578551471233368
71,0.7586975991725922
72,0.7771076560020447
73,0.7521250545978546
74,0.7645103335380554
75,0.7720755040645599
76,0.7140239179134369
77,0.7030012309551239
78,0.7876602411270142
79,0.7233819663524628
80,0.7307521104812622
81,0.6908096075057983
82,0.7387256026268005
83,0.6935092210769653
84,0.702480673789978
85,0.7098362147808075
86,0.676318883895874
87,0.6907428503036499
88,0.6879070103168488
89,0.670838326215744
90,0.7107828557491302
91,0.7108544111251831
92,0.6654038429260254
93,0.6717396080493927
94,0.672736644744873
95,0.6354176104068756
96,0.6768268048763275
97,0.6765377521514893
98,0.6507929861545563
99,0.6497761905193329
100,0.5872835218906403
101,0.6563876569271088
102,0.6733997464179993
103,0.6181097030639648
104,0.6267969012260437
105,0.6373544037342072
106,0.6488476097583771
107,0.6609543859958649
108,0.6213280856609344
109,0.6006863117218018
110,0.6124396026134491
111,0.5951662063598633
112,0.6241185963153839
113,0.6102778017520905
114,0.5916585028171539
115,0.6120350360870361
116,0.6137570738792419
117,0.5872616469860077
118,0.5797454118728638
119,0.6110057830810547
120,0.6412182748317719
121,0.5798518359661102
122,0.5786590278148651
123,0.5706294775009155
124,0.5822314918041229
125,0.5885807573795319
126,0.6093558073043823
127,0.5777678787708282
128,0.5486143529415131
129,0.5621650218963623
130,0.5575933158397675
131,0.5656836628913879
132,0.5887846946716309
133,0.5676122307777405
134,0.5385754406452179
135,0.581695944070816
136,0.5682999491691589
137,0.5280525386333466
138,0.5424418747425079
139,0.5477300584316254
140,0.5650759637355804
141,0.5370668470859528
142,0.5273593068122864
143,0.581372857093811
144,0.563055545091629
145,0.570724219083786
146,0.5559228360652924
147,0.5767742395401001
148,0.5579653084278107
149,0.5772742629051208
150,0.5509777665138245
151,0.5307324826717377
152,0.5121665894985199
153,0.5695656538009644
154,0.550782710313797
155,0.5837229490280151
156,0.5464025735855103
157,0.524922251701355
158,0.5957794785499573
159,0.5384996831417084
160,0.49879537522792816
161,0.5162626802921295
162,0.5132378935813904
163,0.5333501100540161
164,0.5326008200645447
165,0.5466899871826172
166,0.5072434395551682
167,0.5172737240791321
168,0.5293789803981781
169,0.5157086253166199
170,0.5423491895198822
171,0.5253385603427887
172,0.5158738195896149
173,0.49065732955932617
174,0.4999091625213623
175,0.47929292917251587
176,0.48432767391204834
177,0.5352089405059814
178,0.47735799849033356
179,0.4707305133342743
180,0.5167099982500076
181,0.5244649350643158
182,0.5280595868825912
183,0.49884872138500214
184,0.4948069900274277
185,0.4899720102548599
186,0.5792438089847565
187,0.48992982506752014
188,0.5143032073974609
189,0.4879656881093979
190,0.5038356930017471
191,0.480471596121788
192,0.46821674704551697
193,0.4875181317329407
194,0.491327166557312
195,0.5253635048866272
196,0.5291889011859894
197,0.47520463168621063
198,0.5110901296138763
199,0.46358683705329895
200,0.5033106207847595
201,0.46079668402671814
202,0.44503679871559143
203,0.4773285537958145
204,0.48687422275543213
205,0.48527905344963074
206,0.4668319970369339
207,0.5040652751922607
208,0.46851198375225067
209,0.4782176613807678
210,0.4396837651729584
211,0.4555114358663559
212,0.48707714676856995
213,0.46546320617198944
214,0.45517778396606445
215,0.4777818024158478
216,0.45667093992233276
217,0.47850847244262695
218,0.4892643392086029
219,0.47875745594501495
220,0.4901365637779236
221,0.45202939212322235
222,0.4837389141321182
223,0.47527433931827545
224,0.4602464735507965
225,0.4668221026659012
226,0.4660351574420929
227,0.4926062524318695
228,0.48999789357185364
229,0.48438815772533417
230,0.4736652672290802
231,0.5070804208517075
232,0.46577249467372894
233,0.46171310544013977
234,0.4685199409723282
235,0.49321117997169495
236,0.48259781301021576
237,0.4630834013223648
238,0.4942425340414047
239,0.4515910893678665
240,0.4589955806732178
241,0.4593334347009659
242,0.4448850601911545
243,0.4411406069993973
244,0.4510442167520523
245,0.4737744927406311
246,0.4504377543926239
247,0.47511571645736694
248,0.4202217012643814
249,0.4070529639720917
250,0.4575425833463669
251,0.42851094901561737
252,0.4275790899991989
253,0.44030508399009705
254,0.4621119201183319
255,0.41849473118782043
256,0.45365771651268005
257,0.41417503356933594
258,0.4270160645246506
259,0.45779263973236084
260,0.44113047420978546
261,0.5079433917999268
262,0.4502732902765274
263,0.4345523416996002
264,0.4617989957332611
265,0.4369252473115921
266,0.4319150149822235
267,0.42988651990890503
268,0.44865959882736206
269,0.43772850930690765
270,0.43304748833179474
271,0.45088861882686615
272,0.45687735080718994
273,0.42927737534046173
274,0.4361705482006073
275,0.44843409955501556
276,0.445770800113678
277,0.45473237335681915
278,0.43884962797164917
279,0.4295085072517395
280,0.4301625043153763
281,0.38755476474761963
282,0.4262380301952362
283,0.4459691047668457
284,0.4655613899230957
285,0.4711955636739731
286,0.4306524693965912
287,0.47552867233753204
288,0.453450545668602
289,0.4541763961315155
290,0.43478578329086304
291,0.4504348337650299
292,0.44431881606578827
293,0.4751197099685669
294,0.4170728325843811
295,0.4557691812515259
296,0.44482992589473724
297,0.4152974933385849
298,0.4388417452573776
299,0.4358651340007782
300,0.4161463528871536
301,0.4625454843044281
302,0.4282763749361038
303,0.41583460569381714
304,0.4607565701007843
305,0.4309576153755188
306,0.47375911474227905
307,0.43308551609516144
308,0.4162270873785019
309,0.4273197650909424
310,0.46139828860759735
311,0.4274721145629883
312,0.4199647903442383
313,0.4305115044116974
314,0.4228256344795227
315,0.4498671740293503
316,0.4301248639822006
317,0.41242681443691254
318,0.42983080446720123
319,0.43699227273464203
320,0.41155219078063965
321,0.4106931537389755
322,0.4331778585910797
323,0.4165017753839493
324,0.38884036242961884
325,0.4373074471950531
326,0.4097280353307724
327,0.4172198325395584
328,0.4417290836572647
329,0.42321890592575073
330,0.4148186594247818
331,0.43519173562526703
332,0.4296513497829437
333,0.388875275850296
334,0.4020858258008957
335,0.4040205776691437
336,0.4011557698249817
337,0.44526152312755585
338,0.43999215960502625
339,0.3925507515668869
340,0.4096861183643341
341,0.37913450598716736
342,0.40526053309440613
343,0.4122598320245743
344,0.3955332487821579
345,0.39397019147872925
346,0.41695719957351685
347,0.39002664387226105
348,0.42096875607967377
349,0.40621328353881836
350,0.38235463201999664
351,0.39741286635398865
352,0.42790834605693817
353,0.4328260272741318
354,0.4032110422849655
355,0.4276910126209259
356,0.4224705100059509
357,0.4127779006958008
358,0.42740723490715027
359,0.4036472737789154
360,0.44924820959568024
361,0.43148715794086456
362,0.3978184163570404
363,0.42026500403881073
364,0.40438412129879
365,0.40293580293655396
366,0.40735942125320435
367,0.4089125096797943
368,0.41575123369693756
369,0.38984884321689606
370,0.41062667965888977
371,0.39682453870773315
372,0.43504759669303894
373,0.4461217075586319
374,0.4069882929325104
375,0.38301345705986023
376,0.4126102775335312
377,0.4145575612783432
378,0.38790270686149597
379,0.3946837782859802
380,0.411382719874382
381,0.41029155254364014
382,0.4019131511449814
383,0.40599052608013153
384,0.41599658131599426
385,0.39189761877059937
386,0.4258795380592346
387,0.40905264019966125
388,0.38166186213493347
389,0.3963381201028824
390,0.42198851704597473
391,0.42090122401714325
392,0.40670421719551086
393,0.38865551352500916
394,0.38451242446899414
395,0.37925592064857483
396,0.39243124425411224
397,0.39858970046043396
398,0.4131784290075302
399,0.38814832270145416
400,0.3918739855289459
401,0.37634874880313873
402,0.42281752824783325
403,0.4152127504348755
404,0.3948005139827728
405,0.4016401618719101
406,0.40436750650405884
407,0.37249839305877686
408,0.39945048093795776
409,0.4279450923204422
410,0.3707909882068634
411,0.39005477726459503
412,0.3979973644018173
413,0.39156314730644226
414,0.3838244527578354
415,0.4121592938899994
416,0.36934633553028107
417,0.39533481001853943
418,0.37662172317504883
419,0.423007994890213
420,0.3849400579929352
421,0.3941948860883713
422,0.39028210937976837
423,0.3838443011045456
424,0.3867495357990265
425,0.3904234766960144
426,0.40810415148735046
427,0.40476246178150177
428,0.3693811893463135
429,0.4111858308315277
430,0.36437660455703735
431,0.4013512432575226
432,0.40835896134376526
433,0.3991467356681824
434,0.3896215111017227
435,0.38768477737903595
436,0.40149298310279846
437,0.3780577629804611
438,0.384015828371048
439,0.37863652408123016
440,0.3998773843050003
441,0.4143264442682266
442,0.41385941207408905
443,0.40205591917037964
444,0.3830706626176834
445,0.40156592428684235
446,0.3921068459749222
447,0.3874480128288269
448,0.4084824472665787
449,0.39895960688591003
450,0.3987663686275482
451,0.3817059099674225
452,0.406661793589592
453,0.39977048337459564
454,0.38641420006752014
455,0.3945390433073044
456,0.3695772737264633
457,0.3866189867258072
458,0.38388028740882874
459,0.4071063995361328
460,0.397118479013443
461,0.3967185467481613
462,0.37128952145576477
463,0.37716689705848694
464,0.39368048310279846
465,0.38865771889686584
466,0.41532936692237854
467,0.3948831409215927
468,0.3662528544664383
469,0.3789546936750412
470,0.3509559780359268
471,0.3954606354236603
472,0.38315315544605255
473,0.41743697226047516
474,0.37791140377521515
475,0.384113073348999
476,0.38470448553562164
477,0.3738948851823807
478,0.4048202335834503
479,0.3876267969608307
480,0.37423020601272583
481,0.3769981861114502
482,0.3795216232538223
483,0.4093431234359741
484,0.3893950283527374
485,0.3982832580804825
486,0.3972454369068146
487,0.3950975090265274
488,0.3837318867444992
489,0.406155601143837
490,0.36707447469234467
491,0.39212241768836975
492,0.3749988228082657
493,0.39077168703079224
494,0.4123988449573517
495,0.3642909973859787
496,0.369308277964592
497,0.36470186710357666
498,0.3851863890886307
499,0.38438691198825836
500,0.3903898596763611
501,0.39613811671733856
502,0.3937130570411682
503,0.3963228315114975
504,0.38408970832824707
505,0.3763713389635086
506,0.3789968192577362
507,0.40368975698947906
508,0.3736293613910675
509,0.3884727656841278
510,0.4225768595933914
511,0.3678790032863617
512,0.39115168154239655
513,0.3813958913087845
514,0.39600612223148346
515,0.40219470858573914
516,0.39536964893341064
517,0.36624810099601746
518,0.40312567353248596
519,0.38730375468730927
520,0.3767869919538498
521,0.39759017527103424
522,0.40572717785835266
523,0.41693274676799774
524,0.3633195161819458
525,0.3981415033340454
526,0.3802054822444916
527,0.3876507729291916
528,0.4074134975671768
529,0.3921097218990326
530,0.3681415170431137
531,0.3696358799934387
532,0.3904324620962143
533,0.4086546301841736
534,0.4063166677951813
535,0.3805011212825775
536,0.4025159776210785
537,0.367623507976532
538,0.40772710740566254
539,0.4088568091392517
540,0.3907226026058197
541,0.3801413029432297
542,0.38375766575336456
543,0.37249915301799774
544,0.37694111466407776
545,0.3981657475233078
546,0.3617156893014908
547,0.39721839129924774
548,0.37195560336112976
549,0.38727186620235443
550,0.37007784843444824
551,0.3626071363687515
552,0.3913509398698807
553,0.3490394353866577
554,0.406766802072525
555,0.3709624707698822
556,0.3937159478664398
557,0.3811452239751816
558,0.3657592684030533
559,0.36663417518138885
560,0.3765352666378021
561,0.36142779886722565
562,0.35181957483291626
563,0.3846405893564224
564,0.3892318904399872
565,0.38127565383911133
566,0.3754977136850357
567,0.3676188737154007
568,0.3688812702894211
569,0.38776227831840515
570,0.34649305045604706
571,0.3645607680082321
572,0.3852272927761078
573,0.37376220524311066
574,0.4045032262802124
575,0.37960103154182434
576,0.3878958374261856
577,0.37443746626377106
578,0.37758101522922516
579,0.3592519313097
580,0.37280474603176117
581,0.3571516424417496
582,0.36004629731178284
583,0.3741365522146225
584,0.3830140084028244
585,0.3497582823038101
586,0.3771391063928604
587,0.37296605110168457
588,0.37340930104255676
589,0.3762266933917999
590,0.3699670881032944
591,0.35601097345352173
592,0.3664809614419937
593,0.3945605456829071
594,0.3722713440656662
595,0.3519802838563919
596,0.3674105107784271
597,0.3689718246459961
598,0.4060692936182022
599,0.3669389635324478
600,0.38562238216400146
601,0.3938111960887909
602,0.3835926055908203
603,0.38365960121154785
604,0.3882414698600769
605,0.3803291469812393
606,0.356876865029335
607,0.3800103962421417
608,0.3793487101793289
609,0.39123567938804626
610,0.3603624850511551
611,0.3660796582698822
612,0.38758616149425507
613,0.38762296736240387
614,0.3730775713920593
615,0.3674807697534561
616,0.3634035140275955
617,0.3556194007396698
618,0.37456391751766205
619,0.3814217746257782
620,0.3641803562641144
621,0.3746374845504761
622,0.39446865022182465
623,0.4181360751390457
624,0.3831898272037506
625,0.3563470244407654
626,0.39766064286231995
627,0.38289251923561096
628,0.37130020558834076
629,0.3523455709218979
630,0.40369077026844025
631,0.35777008533477783
632,0.3542048782110214
633,0.3524267375469208
634,0.3531004786491394
635,0.3745228350162506
636,0.3621538579463959
637,0.3708982318639755
638,0.36782678961753845
639,0.3756011873483658
640,0.37096674740314484
641,0.3289124071598053
642,0.39349357783794403
643,0.40262922644615173
644,0.3912069648504257
645,0.3816065192222595
646,0.3733168840408325
647,0.33563725650310516
648,0.36452828347682953
649,0.3530837446451187
650,0.34465382993221283
651,0.3775157630443573
652,0.3603266626596451
653,0.35875310003757477
654,0.3967777043581009
655,0.3828026056289673
656,0.3943331092596054
657,0.37653040885925293
658,0.38994039595127106
659,0.37387503683567047
660,0.3706800490617752
661,0.3602067828178406
662,0.37382060289382935
663,0.36133143305778503
664,0.3737189471721649
665,0.35982033610343933
666,0.36914923787117004
667,0.3676200807094574
668,0.36996084451675415
669,0.4124687910079956
670,0.3463578373193741
671,0.3546077311038971
672,0.36058709025382996
673,0.3692319244146347
674,0.35838110744953156
675,0.38269829750061035
676,0.38346509635448456
677,0.35760217905044556
678,0.36276398599147797
679,0.3782833516597748
680,0.3472534269094467
681,0.3695727586746216
682,0.3567889779806137
683,0.36339041590690613
684,0.3491455018520355
685,0.36405833065509796
686,0.3737604469060898
687,0.366220623254776
688,0.3840503394603729
689,0.38188767433166504
690,0.37682583928108215
691,0.3983265161514282
692,0.37385790050029755
693,0.36057308316230774
694,0.3997868597507477
695,0.36401887238025665
696,0.4018552303314209
697,0.35082675516605377
698,0.36817626655101776
699,0.38960251212120056
700,0.37812428176403046
701,0.36292320489883423
702,0.37316828966140747
703,0.3827658146619797
704,0.37345708906650543
705,0.34970977902412415
706,0.34413428604602814
707,0.37015001475811005
708,0.3558146059513092
709,0.3478100299835205
710,0.35167405009269714
711,0.3574691414833069
712,0.34676647186279297
713,0.35755446553230286
714,0.3620249629020691
715,0.37805187702178955
716,0.37258540093898773
717,0.37789200246334076
718,0.36752913892269135
719,0.369966521859169
720,0.35169848799705505
721,0.3563816249370575
722,0.3611244559288025
723,0.3664751648902893
724,0.3689364194869995
725,0.35281170904636383
726,0.3561452329158783
727,0.3430234491825104
728,0.36765019595623016
729,0.3695322126150131
730,0.3594355136156082
731,0.3655841499567032
732,0.3537662625312805
733,0.3499145656824112
734,0.3534664064645767
735,0.35695594549179077
736,0.37757566571235657
737,0.3562910854816437
738,0.3821720480918884
739,0.3642049580812454
740,0.35527609288692474
741,0.35848698019981384
742,0.38871797919273376
743,0.3826846778392792
744,0.3645533174276352
745,0.35880130529403687
746,0.3626507520675659
747,0.37958796322345734
748,0.336908757686615
749,0.3443598300218582
750,0.360422819852829
751,0.3958752751350403
752,0.36519572138786316
753,0.38444413244724274
754,0.38243450224399567
755,0.38318826258182526
756,0.34876640141010284
757,0.3654293119907379
758,0.3518584072589874
759,0.3758666217327118
760,0.3655366599559784
761,0.35379722714424133
762,0.35880568623542786
763,0.34195776283741
764,0.36230847239494324
765,0.3821512460708618
766,0.3723611980676651
767,0.3571275472640991
768,0.3730830103158951
769,0.34802672266960144
770,0.36819151043891907
771,0.37302465736866
772,0.3654208481311798
773,0.3596506863832474
774,0.36140479147434235
775,0.3870743662118912
776,0.38180194795131683
777,0.37221138179302216
778,0.36675862967967987
779,0.3809720426797867
780,0.3454120457172394
781,0.36384181678295135
782,0.36319176852703094
783,0.36290429532527924
784,0.3564067631959915
785,0.357585608959198
786,0.3653220385313034
787,0.38911134004592896
788,0.34029822051525116
789,0.34669390320777893
790,0.3385726511478424
791,0.35689063370227814
792,0.3432032912969589
793,0.3540581911802292
794,0.37239064276218414
795,0.3526143580675125
796,0.35126422345638275
797,0.37127120792865753
798,0.3492754399776459
799,0.3547801077365875
800,0.3741322457790375
801,0.3812982141971588
802,0.3619014769792557
803,0.37346868216991425
804,0.3325614929199219
805,0.37815894186496735
806,0.36846719682216644
807,0.37244805693626404
808,0.3768424838781357
809,0.34034569561481476
810,0.3826574236154556
811,0.38420164585113525
812,0.3690287917852402
813,0.35599955916404724
814,0.3917991518974304
815,0.3661126643419266
816,0.3728465437889099
817,0.3625645339488983
818,0.34156106412410736
819,0.36014626920223236
820,0.3618710786104202
821,0.35975679755210876
822,0.3270043283700943
823,0.3449716418981552
824,0.36705537140369415
825,0.40847596526145935
826,0.3421189934015274
827,0.3869048058986664
828,0.384126678109169
829,0.3609926998615265
830,0.3810361325740814
831,0.3468047082424164
832,0.3742169141769409
833,0.3638553321361542
834,0.35179443657398224
835,0.3451746255159378
836,0.3488437682390213
837,0.35534122586250305
838,0.36396802961826324
839,0.35895198583602905
840,0.3783266842365265
841,0.35061734914779663
842,0.4005143940448761
843,0.35017143189907074
844,0.35259243845939636
845,0.35641947388648987
846,0.35076572000980377
847,0.3639301657676697
848,0.39707067608833313
849,0.3452807366847992
850,0.3642793595790863
851,0.36735470592975616
852,0.37233877182006836
853,0.3413085341453552
854,0.36316239833831787
855,0.3601166605949402
856,0.3553827702999115
857,0.3680240511894226
858,0.36690884828567505
859,0.3715406507253647
860,0.3639419972896576
861,0.3510047644376755
862,0.3584999144077301
863,0.3705950677394867
864,0.3733105957508087
865,0.34097447991371155
866,0.3574700206518173
867,0.35746990144252777
868,0.3496173769235611
869,0.38328817486763
870,0.36774522066116333
871,0.342756524682045
872,0.34852029383182526
873,0.36147555708885193
874,0.3672931641340256
875,0.34458066523075104
876,0.32069021463394165
877,0.32366323471069336
878,0.32904085516929626
879,0.33765386044979095
880,0.33353692293167114
881,0.3554728627204895
882,0.3600022792816162
883,0.37445802986621857
884,0.36105434596538544
885,0.37257903814315796
886,0.35162240266799927
887,0.34348662197589874
888,0.3633013665676117
889,0.37650901079177856
890,0.36149148643016815
891,0.34838391840457916
892,0.347655713558197
893,0.3450172543525696
894,0.35463692247867584
895,0.3622041940689087
896,0.35522036254405975
897,0.3381831645965576
898,0.37069007754325867
899,0.3425131142139435
900,0.37404170632362366
901,0.35469850897789
902,0.3550834357738495
903,0.34429237246513367
904,0.36748334765434265
905,0.3526422828435898
906,0.35201385617256165
907,0.36089056730270386
908,0.3618615120649338
909,0.37954041361808777
910,0.3699219226837158
911,0.4007599651813507
912,0.3704855144023895
913,0.3673488646745682
914,0.36868996918201447
915,0.3322439193725586
916,0.35561421513557434
917,0.3529806137084961
918,0.3822752684354782
919,0.35787953436374664
920,0.3516670912504196
921,0.3378640115261078
922,0.3983005881309509
923,0.3508332073688507
924,0.3416454643011093
925,0.3607966750860214
926,0.3621653616428375
927,0.3815622925758362
928,0.3588424026966095
929,0.3573054224252701
930,0.3479289710521698
931,0.34513595700263977
932,0.3468177020549774
933,0.38157470524311066
934,0.322888046503067
935,0.3585369139909744
936,0.3564504534006119
937,0.36324453353881836
938,0.35976020991802216
939,0.3462652266025543
940,0.3328927904367447
941,0.34019841253757477
942,0.33259549736976624
943,0.3125642091035843
944,0.326128825545311
945,0.3518277555704117
946,0.36081576347351074
947,0.35361938178539276
948,0.34992586076259613
949,0.3462669104337692
950,0.35886165499687195
951,0.3731212913990021
952,0.34141868352890015
953,0.3603837639093399
954,0.3760175406932831
955,0.35095585882663727
956,0.34774957597255707
957,0.3507596552371979
958,0.35510045289993286
959,0.3385065048933029
960,0.3539620488882065
961,0.3527515083551407
962,0.34631696343421936
963,0.3493827134370804
964,0.38550397753715515
965,0.3450007736682892
966,0.34970831871032715
967,0.37891243398189545
968,0.3474299758672714
969,0.3231162279844284
970,0.3253387361764908
971,0.34829479455947876
972,0.3368971049785614
973,0.3261708915233612
974,0.3788657933473587
975,0.3837350159883499
976,0.34825731813907623
977,0.34811459481716156
978,0.35197462141513824
979,0.3613520562648773
980,0.3489142060279846
981,0.3500778377056122
982,0.3619619458913803
983,0.3366938680410385
984,0.3540336787700653
985,0.3425654321908951
986,0.34575915336608887
987,0.35308346152305603
988,0.3708588182926178
989,0.35486410558223724
990,0.34467509388923645
991,0.3629855066537857
992,0.36221174895763397
993,0.33149799704551697
994,0.36151906847953796
995,0.4016686677932739
996,0.362345889210701
997,0.34256482124328613
998,0.35572847723960876
999,0.35811349749565125
0,1.4407970905303955
1,1.390086054801941
2,1.3346362113952637
3,1.3187273740768433
4,1.2941555976867676
5,1.2561604380607605
6,1.2192151546478271
7,1.2001050114631653
8,1.193660855293274
9,1.1887255907058716
10,1.1689167618751526
11,1.1614845991134644
12,1.1280661821365356
13,1.1211729645729065
14,1.1230154037475586
15,1.1001379489898682
16,1.0837636590003967
17,1.0939009189605713
18,1.0625476241111755
19,1.0637591481208801
20,1.031304955482483
21,1.0458357334136963
22,1.0172353982925415
23,1.0358500480651855
24,1.0239112973213196
25,1.005704551935196
26,0.9769144654273987
27,0.979148268699646
28,0.9951726794242859
29,0.9601329565048218
30,0.9715687334537506
31,0.9542958438396454
32,0.9432792067527771
33,0.9436567425727844
34,0.9250904321670532
35,0.9319967925548553
36,0.9240582585334778
37,0.9062452018260956
38,0.8882764577865601
39,0.891613781452179
40,0.8774222731590271
41,0.9062409400939941
42,0.8729075491428375
43,0.8633054196834564
44,0.8610937297344208
45,0.82558873295784
46,0.828298032283783
47,0.8265461027622223
48,0.8543193340301514
49,0.8447277843952179
50,0.815672755241394
51,0.796302855014801
52,0.8048892617225647
53,0.8120966553688049
54,0.7827963829040527
55,0.7934527695178986
56,0.7817720770835876
57,0.76020747423172
58,0.8079644441604614
59,0.7427101731300354
60,0.7592223286628723
61,0.7643624246120453
62,0.7563989162445068
63,0.7811926007270813
64,0.726932168006897
65,0.7577113807201385
66,0.7861676514148712
67,0.7748903632164001
68,0.7430174648761749
69,0.7290576100349426
70,0.7133686244487762
71,0.7338511347770691
72,0.7324498295783997
73,0.6747000217437744
74,0.6781180799007416
75,0.701117753982544
76,0.6742861866950989
77,0.6743108630180359
78,0.6758061349391937
79,0.671293705701828
80,0.6568127870559692
81,0.6682698428630829
82,0.6750522553920746
83,0.6393911838531494
84,0.6559773683547974
85,0.6440781950950623
86,0.6777809262275696
87,0.6535216271877289
88,0.6221016943454742
89,0.6793564856052399
90,0.6581512093544006
91,0.6588340997695923
92,0.6438543200492859
93,0.6270067095756531
94,0.653660774230957
95,0.6493831872940063
96,0.6869538426399231
97,0.6248649656772614
98,0.6346124708652496
99,0.6233994364738464
100,0.6384406685829163
101,0.6629408597946167
102,0.6004908680915833
103,0.6209315657615662
104,0.59405118227005
105,0.5834276974201202
106,0.6201523840427399
107,0.5969024300575256
108,0.6222955882549286
109,0.6018566787242889
110,0.6129467785358429
111,0.6020247340202332
112,0.611902117729187
113,0.5755946636199951
114,0.5627369284629822
115,0.5830689072608948
116,0.5882996916770935
117,0.5919587314128876
118,0.624077320098877
119,0.5945678353309631
120,0.61930912733078
121,0.6108333766460419
122,0.58720663189888
123,0.5585878491401672
124,0.599590927362442
125,0.5920160412788391
126,0.5794760584831238
127,0.5617698132991791
128,0.5605804324150085
129,0.5663940608501434
130,0.566147118806839
131,0.5541136860847473
132,0.5864935219287872
133,0.5510017275810242
134,0.5545645952224731
135,0.5576132833957672
136,0.5617481470108032
137,0.5647716522216797
138,0.5206246674060822
139,0.5571242868900299
140,0.5875432789325714
141,0.5793839395046234
142,0.5463955998420715
143,0.5480746626853943
144,0.5111182034015656
145,0.5506574809551239
146,0.547543078660965
147,0.5168469250202179
148,0.5082789361476898
149,0.529633641242981
150,0.4761888086795807
151,0.516867071390152
152,0.5089161992073059
153,0.530472606420517
154,0.5356966853141785
155,0.5448010563850403
156,0.5096098184585571
157,0.49308517575263977
158,0.5088475197553635
159,0.4971517026424408
160,0.49298131465911865
161,0.5539776384830475
162,0.463249072432518
163,0.4867904335260391
164,0.4882854074239731
165,0.5023358166217804
166,0.492817685008049
167,0.5029706954956055
168,0.4911184012889862
169,0.510596290230751
170,0.5548325777053833
171,0.5148857831954956
172,0.47692687809467316
173,0.49544283747673035
174,0.501107856631279
175,0.5008457750082016
176,0.5051195323467255
177,0.4559672325849533
178,0.5318001210689545
179,0.4678075760602951
180,0.5009872019290924
181,0.46897517144680023
182,0.4926646798849106
183,0.49592381715774536
184,0.5103634595870972
185,0.4854350686073303
186,0.48979201912879944
187,0.47086623311042786
188,0.5209788382053375
189,0.48892979323863983
190,0.4969879537820816
191,0.521006852388382
192,0.4789298474788666
193,0.49486055970191956
194,0.4867665469646454
195,0.48698483407497406
196,0.48634073138237
197,0.47376561164855957
198,0.499668687582016
199,0.462087482213974
200,0.47678712010383606
201,0.5139047801494598
202,0.5295295119285583
203,0.4970364570617676
204,0.49463121592998505
205,0.48996520042419434
206,0.45037925243377686
207,0.4830695390701294
208,0.49758806824684143
209,0.49637091159820557
210,0.4796067774295807
211,0.45580700039863586
212,0.48396842181682587
213,0.44922639429569244
214,0.46355342864990234
215,0.4686809927225113
216,0.4645185023546219
217,0.47220732271671295
218,0.45967553555965424
219,0.5089209526777267
220,0.4854657053947449
221,0.5150009989738464
222,0.45059072971343994
223,0.4802548587322235
224,0.47775375843048096
225,0.4547691196203232
226,0.46500803530216217
227,0.47105054557323456
228,0.47623786330223083
229,0.4503915011882782
230,0.47279593348503113
231,0.4445042908191681
232,0.4920078068971634
233,0.47545067965984344
234,0.46557243168354034
235,0.4687170684337616
236,0.46365976333618164
237,0.4478210210800171
238,0.4596778601408005
239,0.43005090951919556
240,0.4793475568294525
241,0.46154339611530304
242,0.49801012873649597
243,0.4268076568841934
244,0.43927001953125
245,0.4445265680551529
246,0.4389616996049881
247,0.4681166708469391
248,0.4646536707878113
249,0.4628177881240845
250,0.44815966486930847
251,0.45913277566432953
252,0.46300065517425537
253,0.4369147717952728
254,0.4513051062822342
255,0.43866340816020966
256,0.4436190277338028
257,0.44355690479278564
258,0.4277051091194153
259,0.45136451721191406
260,0.43302398920059204
261,0.4438413381576538
262,0.46311643719673157
263,0.4737594574689865
264,0.45759619772434235
265,0.46169042587280273
266,0.4536723345518112
267,0.43349309265613556
268,0.4100544899702072
269,0.40491390228271484
270,0.42876850068569183
271,0.4410548508167267
272,0.4230189174413681
273,0.44038261473178864
274,0.4291808307170868
275,0.4244679808616638
276,0.44418491423130035
277,0.45555537939071655
278,0.43449652194976807
279,0.4017006903886795
280,0.4413459450006485
281,0.45648376643657684
282,0.4145062267780304
283,0.4254440665245056
284,0.4106180816888809
285,0.44346341490745544
286,0.44319991767406464
287,0.45366016030311584
288,0.4348687082529068
289,0.4490419328212738
290,0.3934951424598694
291,0.4370742440223694
292,0.4370238333940506
293,0.4521724134683609
294,0.44125719368457794
295,0.42975053191185
296,0.421520471572876
297,0.44162115454673767
298,0.43258988857269287
299,0.43072010576725006
300,0.4009072929620743
301,0.4045749455690384
302,0.42684635519981384
303,0.4291736036539078
304,0.44373393058776855
305,0.4290774166584015
306,0.40103019773960114
307,0.4471929371356964
308,0.43960484862327576
309,0.4189963638782501
310,0.42764604091644287
311,0.44327354431152344
312,0.42334485054016113
313,0.436632364988327
314,0.4046551436185837
315,0.39856477081775665
316,0.43211179971694946
317,0.42836666107177734
318,0.427803099155426
319,0.447381854057312
320,0.4021737277507782
321,0.4039904624223709
322,0.4192921817302704
323,0.42369280755519867
324,0.43105731904506683
325,0.43483197689056396
326,0.4420619308948517
327,0.40189845860004425
328,0.42312225699424744
329,0.435540109872818
330,0.40448011457920074
331,0.4290692210197449
332,0.4029341787099838
333,0.3962223380804062
334,0.38265350461006165
335,0.42573826014995575
336,0.41731762886047363
337,0.3813842833042145
338,0.4300379157066345
339,0.3900717496871948
340,0.41001588106155396
341,0.3944247215986252
342,0.41740550100803375
343,0.41682080924510956
344,0.42997001111507416
345,0.3987673670053482
346,0.41655977070331573
347,0.4262058436870575
348,0.4041301906108856
349,0.4003148227930069
350,0.42078447341918945
351,0.44366535544395447
352,0.41351164877414703
353,0.37075063586235046
354,0.43546155095100403
355,0.3941440284252167
356,0.4068617522716522
357,0.42182961106300354
358,0.4103129953145981
359,0.4027155190706253
360,0.37707164883613586
361,0.4204910695552826
362,0.4171695411205292
363,0.4220364987850189
364,0.38616181910037994
365,0.3985750526189804
366,0.4120149463415146
367,0.40820442140102386
368,0.4089707136154175
369,0.447506844997406
370,0.41138629615306854
371,0.4131501168012619
372,0.42074204981327057
373,0.42701777815818787
374,0.4149472415447235
375,0.38159170746803284
376,0.43462805449962616
377,0.41906239092350006
378,0.430786669254303
379,0.39542950689792633
380,0.3987695425748825
381,0.41297847032546997
382,0.43290138244628906
383,0.40335340797901154
384,0.39956197142601013
385,0.38470444083213806
386,0.4135527014732361
387,0.3847582936286926
388,0.4088599532842636
389,0.4193484038114548
390,0.4098815619945526
391,0.3802604228258133
392,0.4214203208684921
393,0.41742078959941864
394,0.39242038130760193
395,0.3899032771587372
396,0.40278005599975586
397,0.40722881257534027
398,0.403240829706192
399,0.38951270282268524
400,0.43212611973285675
401,0.41352662444114685
402,0.4076119512319565
403,0.3953807055950165
404,0.3880375772714615
405,0.40582890808582306
406,0.4015163332223892
407,0.39774295687675476
408,0.40010643005371094
409,0.39766015112400055
410,0.405286580324173
411,0.4223797470331192
412,0.4002463221549988
413,0.4255855977535248
414,0.3768756091594696
415,0.4312802702188492
416,0.4098481982946396
417,0.3989997059106827
418,0.4069984257221222
419,0.4046880453824997
420,0.39240826666355133
421,0.38223467767238617
422,0.40247587859630585
423,0.40291163325309753
424,0.4034487307071686
425,0.421382799744606
426,0.3952587693929672
427,0.4248957335948944
428,0.4118576645851135
429,0.3893145024776459
430,0.4033106714487076
431,0.42983850836753845
432,0.39426082372665405
433,0.43689803779125214
434,0.39318470656871796
435,0.4320298135280609
436,0.3789151608943939
437,0.39887313544750214
438,0.418430358171463
439,0.3753819614648819
440,0.44242747128009796
441,0.38847997784614563
442,0.40964023768901825
443,0.3866628259420395
444,0.42474980652332306
445,0.38039200007915497
446,0.4114202409982681
447,0.4058767259120941
448,0.4076544791460037
449,0.40172936022281647
450,0.42259159684181213
451,0.41344423592090607
452,0.39690953493118286
453,0.4007130563259125
454,0.3994217813014984
455,0.43356600403785706
456,0.3875590115785599
457,0.41069625318050385
458,0.38826386630535126
459,0.40676894783973694
460,0.3960568606853485
461,0.4053660035133362
462,0.4065711945295334
463,0.38293516635894775
464,0.38614892959594727
465,0.38863329589366913
466,0.36760592460632324
467,0.38101018965244293
468,0.3982200026512146
469,0.41532909870147705
470,0.4145452529191971
471,0.4141654372215271
472,0.4070657193660736
473,0.3747515231370926
474,0.40107831358909607
475,0.41295889019966125
476,0.38761332631111145
477,0.3870454430580139
478,0.4056157320737839
479,0.40251363813877106
480,0.4209057092666626
481,0.4077458083629608
482,0.3949401080608368
483,0.36373332142829895
484,0.3881029039621353
485,0.3565230518579483
486,0.3806660771369934
487,0.38751861453056335
488,0.3885018527507782
489,0.3861464560031891
490,0.37996217608451843
491,0.3771367371082306
492,0.3886497914791107
493,0.3972627818584442
494,0.388817697763443
495,0.3754679560661316
496,0.3664180189371109
497,0.43546222150325775
498,0.40825463831424713
499,0.37410421669483185
500,0.39713071286678314
501,0.36765992641448975
502,0.37620334327220917
503,0.3776162266731262
504,0.3741838186979294
505,0.38645878434181213
506,0.3814462274312973
507,0.3814229667186737
508,0.3948246240615845
509,0.3679896742105484
510,0.35958167910575867
511,0.36056844890117645
512,0.35522106289863586
513,0.37575437128543854
514,0.3768773525953293
515,0.4125056713819504
516,0.4142207056283951
517,0.3903917819261551
518,0.39122137427330017
519,0.38603469729423523
520,0.39295460283756256
521,0.35901305079460144
522,0.3776698261499405
523,0.37623926997184753
524,0.363786906003952
525,0.3520831763744354
526,0.4058169573545456
527,0.39534497261047363
528,0.4004240930080414
529,0.38941794633865356
530,0.3875618875026703
531,0.3526636064052582
532,0.36495476961135864
533,0.3895079493522644
534,0.4015422761440277
535,0.3730190247297287
536,0.3727973848581314
537,0.3918612450361252
538,0.3970329761505127
539,0.4079760015010834
540,0.3885556757450104
541,0.3712226152420044
542,0.3782501667737961
543,0.38838160037994385
544,0.4018468111753464
545,0.37983037531375885
546,0.39948803186416626
547,0.39538587629795074
548,0.3918316960334778
549,0.3916831314563751
550,0.37755391001701355
551,0.38078834116458893
552,0.3543028086423874
553,0.3817918300628662
554,0.3916109502315521
555,0.377272292971611
556,0.37358567118644714
557,0.3565894663333893
558,0.36924633383750916
559,0.38231274485588074
560,0.3574253171682358
561,0.3554243743419647
562,0.3698304295539856
563,0.37942519783973694
564,0.3802969455718994
565,0.38631121814250946
566,0.3871358036994934
567,0.39052268862724304
568,0.35689276456832886
569,0.3779686987400055
570,0.41283783316612244
571,0.40579651296138763
572,0.39139115810394287
573,0.3900567293167114
574,0.370878666639328
575,0.40188443660736084
576,0.36976245045661926
577,0.4044884145259857
578,0.37830445170402527
579,0.3734758496284485
580,0.36932864785194397
581,0.36458630859851837
582,0.39793500304222107
583,0.34655050933361053
584,0.4004558026790619
585,0.3705024719238281
586,0.37527137994766235
587,0.3639061152935028
588,0.3799348771572113
589,0.3849641680717468
590,0.37297323346138
591,0.3942379504442215
592,0.379271924495697
593,0.3784087300300598
594,0.3703056573867798
595,0.4078933894634247
596,0.38203924894332886
597,0.3608753979206085
598,0.39363744854927063
599,0.380084753036499
600,0.3751467317342758
601,0.3829072415828705
602,0.3853958547115326
603,0.37731005251407623
604,0.3743651211261749
605,0.37281033396720886
606,0.35910457372665405
607,0.37865251302719116
608,0.35928548872470856
609,0.37779630720615387
610,0.37364770472049713
611,0.37782397866249084
612,0.3654499351978302
613,0.3681335747241974
614,0.3764675259590149
615,0.3952993154525757
616,0.3517863154411316
617,0.37623533606529236
618,0.374238982796669
619,0.35427671670913696
620,0.3892042189836502
621,0.37902647256851196
622,0.38963285088539124
623,0.374481201171875
624,0.36825039982795715
625,0.3571174740791321
626,0.34806428849697113
627,0.37314440310001373
628,0.36995968222618103
629,0.3838948607444763
630,0.41382119059562683
631,0.3874777853488922
632,0.3976793438196182
633,0.36394640803337097
634,0.3941379636526108
635,0.3870020806789398
636,0.3534357249736786
637,0.3923323005437851
638,0.3694177269935608
639,0.3617166429758072
640,0.3774896413087845
641,0.3880258947610855
642,0.3387443274259567
643,0.3995298445224762
644,0.37605948746204376
645,0.3603070080280304
646,0.344420850276947
647,0.3690836429595947
648,0.38550789654254913
649,0.3968663960695267
650,0.3711312264204025
651,0.3965640962123871
652,0.3869728296995163
653,0.3337901383638382
654,0.3647967278957367
655,0.37523864209651947
656,0.40679436922073364
657,0.3858986794948578
658,0.35898342728614807
659,0.34795503318309784
660,0.3791680335998535
661,0.36444324254989624
662,0.37616226077079773
663,0.3735468089580536
664,0.36229613423347473
665,0.3618258535861969
666,0.36859747767448425
667,0.3671928644180298
668,0.3707086741924286
669,0.3906509131193161
670,0.3692616820335388
671,0.3860265761613846
672,0.368985190987587
673,0.364658385515213
674,0.34146514534950256
675,0.34393100440502167
676,0.36480477452278137
677,0.3686917722225189
678,0.38003532588481903
679,0.38071006536483765
680,0.36791568994522095
681,0.39372920989990234
682,0.3634612113237381
683,0.37712031602859497
684,0.3629020154476166
685,0.3738042861223221
686,0.3419547826051712
687,0.37961214780807495
688,0.37650059163570404
689,0.3766656368970871
690,0.36641328036785126
691,0.380916953086853
692,0.344289094209671
693,0.3577067255973816
694,0.34657055139541626
695,0.3727782219648361
696,0.40152329206466675
697,0.36449025571346283
698,0.4063730984926224
699,0.39455701410770416
700,0.36553022265434265
701,0.36329561471939087
702,0.3807267099618912
703,0.38183310627937317
704,0.3530534952878952
705,0.3587035983800888
706,0.36981357634067535
707,0.35171061754226685
708,0.38446493446826935
709,0.3678192049264908
710,0.3470910042524338
711,0.398672953248024
712,0.35217714309692383
713,0.34956322610378265
714,0.3599856346845627
715,0.3564027100801468
716,0.34871239960193634
717,0.3766402453184128
718,0.38320641219615936
719,0.3684042692184448
720,0.3762862980365753
721,0.3558915704488754
722,0.3600538522005081
723,0.3685513287782669
724,0.3859552890062332
725,0.3762844055891037
726,0.3861480951309204
727,0.37204860150814056
728,0.3602924048900604
729,0.38042107224464417
730,0.35445311665534973
731,0.3555942326784134
732,0.4004320949316025
733,0.36869025230407715
734,0.3697326183319092
735,0.3812933415174484
736,0.36338837444782257
737,0.3860195279121399
738,0.37407973408699036
739,0.3987957835197449
740,0.34152671694755554
741,0.3889962434768677
742,0.36754876375198364
743,0.39560067653656006
744,0.354525625705719
745,0.35223619639873505
746,0.38788777589797974
747,0.3729943484067917
748,0.3938896954059601
749,0.35433031618595123
750,0.35995344817638397
751,0.3322250247001648
752,0.3695333003997803
753,0.34132538735866547
754,0.36032524704933167
755,0.3783804178237915
756,0.33385877311229706
757,0.3526466488838196
758,0.3630457818508148
759,0.366100937128067
760,0.3852335512638092
761,0.3545227646827698
762,0.3721662759780884
763,0.3559449315071106
764,0.3897593766450882
765,0.35832151770591736
766,0.3640477955341339
767,0.362106129527092
768,0.36088764667510986
769,0.3902587741613388
770,0.3568599224090576
771,0.36085835099220276
772,0.3603886514902115
773,0.3780539929866791
774,0.36799249053001404
775,0.33648480474948883
776,0.34834355115890503
777,0.3714764565229416
778,0.33778488636016846
779,0.36147965490818024
780,0.37462788820266724
781,0.35055650770664215
782,0.3802788704633713
783,0.3785804957151413
784,0.37111330032348633
785,0.3626745045185089
786,0.36111730337142944
787,0.391377791762352
788,0.3762485682964325
789,0.37055107951164246
790,0.3543575704097748
791,0.354972243309021
792,0.3713385611772537
793,0.367280051112175
794,0.3686085641384125
795,0.35957714915275574
796,0.36293233931064606
797,0.37258201837539673
798,0.34520702064037323
799,0.37422628700733185
800,0.3384636342525482
801,0.37057967483997345
802,0.37387794256210327
803,0.3419523388147354
804,0.38017435371875763
805,0.3475562632083893
806,0.35547053813934326
807,0.3485286384820938
808,0.3537062555551529
809,0.36930395662784576
810,0.36552397906780243
811,0.3608810752630234
812,0.37405404448509216
813,0.3662308007478714
814,0.3522583842277527
815,0.35612547397613525
816,0.36852143704891205
817,0.3691263198852539
818,0.36846451461315155
819,0.3557068556547165
820,0.3824009746313095
821,0.38478562235832214
822,0.3704644739627838
823,0.3398323953151703
824,0.36345984041690826
825,0.3825891464948654
826,0.3591330945491791
827,0.35524944961071014
828,0.34729014337062836
829,0.35855649411678314
830,0.3503224551677704
831,0.3705596923828125
832,0.38833148777484894
833,0.35693565011024475
834,0.35829465091228485
835,0.35265448689460754
836,0.37655898928642273
837,0.359828844666481
838,0.3442532420158386
839,0.36238282918930054
840,0.35699978470802307
841,0.34132713079452515
842,0.3640233427286148
843,0.37275978922843933
844,0.3693833202123642
845,0.3679177314043045
846,0.3250620514154434
847,0.3731238842010498
848,0.3605770766735077
849,0.36161452531814575
850,0.34337277710437775
851,0.36899055540561676
852,0.34458379447460175
853,0.345256969332695
854,0.355416476726532
855,0.36810727417469025
856,0.37972353398799896
857,0.33669933676719666
858,0.3672949969768524
859,0.3309670090675354
860,0.33904120326042175
861,0.33964261412620544
862,0.340908020734787
863,0.3438768535852432
864,0.34566082060337067
865,0.3740697503089905
866,0.36818453669548035
867,0.3597116470336914
868,0.3437325954437256
869,0.34031839668750763
870,0.348660483956337
871,0.33576828241348267
872,0.3535377234220505
873,0.3948935717344284
874,0.3598133772611618
875,0.40727709233760834
876,0.3898909389972687
877,0.34371066093444824
878,0.32971227169036865
879,0.35480327904224396
880,0.32746759057044983
881,0.3987996429204941
882,0.3525463342666626
883,0.3841608911752701
884,0.3340182602405548
885,0.37746143341064453
886,0.33496804535388947
887,0.3716411292552948
888,0.3444894403219223
889,0.38178418576717377
890,0.3784621059894562
891,0.3825393617153168
892,0.34711119532585144
893,0.37719088792800903
894,0.3508569002151489
895,0.3534858077764511
896,0.33908066153526306
897,0.3648270219564438
898,0.3410226106643677
899,0.35428476333618164
900,0.38099028170108795
901,0.3624197691679001
902,0.37501466274261475
903,0.35230879485607147
904,0.35148411989212036
905,0.33939455449581146
906,0.36777178943157196
907,0.3560984283685684
908,0.3478672206401825
909,0.3562115430831909
910,0.4009053111076355
911,0.35558342933654785
912,0.33782295882701874
913,0.3850274235010147
914,0.3637600243091583
915,0.36751438677310944
916,0.3510173559188843
917,0.3524221181869507
918,0.3907710760831833
919,0.34644022583961487
920,0.3559885621070862
921,0.35966719686985016
922,0.3528973460197449
923,0.3611867129802704
924,0.34808799624443054
925,0.33457644283771515
926,0.3624461442232132
927,0.34427015483379364
928,0.3518748879432678
929,0.35863351821899414
930,0.3728768229484558
931,0.36113397777080536
932,0.347344309091568
933,0.3590904027223587
934,0.3400402218103409
935,0.335883229970932
936,0.3613111078739166
937,0.3674663305282593
938,0.36472877860069275
939,0.34591665863990784
940,0.36609065532684326
941,0.35169318318367004
942,0.38999053835868835
943,0.36497606337070465
944,0.32270656526088715
945,0.3562222868204117
946,0.33858853578567505
947,0.34562984108924866
948,0.35538913309574127
949,0.3693154752254486
950,0.3416616916656494
951,0.34629949927330017
952,0.3822846859693527
953,0.36466284096241
954,0.36353474855422974
955,0.3528856784105301
956,0.33599497377872467
957,0.3325319439172745
958,0.3586290329694748
959,0.3667360991239548
960,0.3577170670032501
961,0.37738656997680664
962,0.3510928452014923
963,0.4007269889116287
964,0.3862966448068619
965,0.3584233522415161
966,0.3740119934082031
967,0.3283853083848953
968,0.36553308367729187
969,0.3674006164073944
970,0.3766058385372162
971,0.3486909121274948
972,0.3522164076566696
973,0.33041761815547943
974,0.3749697059392929
975,0.3582293689250946
976,0.3577023893594742
977,0.36515235900878906
978,0.35960929095745087
979,0.3416054844856262
980,0.3407193571329117
981,0.33060942590236664
982,0.35288941860198975
983,0.3288460075855255
984,0.3623971790075302
985,0.37245187163352966
986,0.33183926343917847
987,0.34232568740844727
988,0.33389346301555634
989,0.36891008913517
990,0.3400072157382965
991,0.3553568571805954
992,0.37277141213417053
993,0.33285295963287354
994,0.34701232612133026
995,0.35586416721343994
996,0.3690965622663498
997,0.38498495519161224
998,0.3390079587697983
999,0.3508070409297943
1000,0.3712907135486603
1001,0.34656429290771484
1002,0.37391872704029083
1003,0.3425818085670471
1004,0.33812642097473145
1005,0.34266477823257446
1006,0.35309040546417236
1007,0.37947243452072144
1008,0.3745030611753464
1009,0.35749925673007965
1010,0.3682742863893509
1011,0.3796096742153168
1012,0.36640630662441254
1013,0.3651188015937805
1014,0.35202737152576447
1015,0.38425493240356445
1016,0.3725334405899048
1017,0.3593285381793976
1018,0.3628944158554077
1019,0.37090548872947693
1020,0.3814410865306854
1021,0.35925838351249695
1022,0.337594211101532
1023,0.3482990264892578
1024,0.3623811602592468
1025,0.36324019730091095
1026,0.3573603183031082
1027,0.33047252893447876
1028,0.3407115638256073
1029,0.3392860144376755
1030,0.34988023340702057
1031,0.3440737724304199
1032,0.33422549068927765
1033,0.3624550998210907
1034,0.3405170291662216
1035,0.3580460250377655
1036,0.3532331585884094
1037,0.33217403292655945
1038,0.3669665902853012
1039,0.3388625234365463
1040,0.35130901634693146
1041,0.3641521781682968
1042,0.3712930977344513
1043,0.33293771743774414
1044,0.3682110905647278
1045,0.33240149915218353
1046,0.359164759516716
1047,0.3710578978061676
1048,0.36473405361175537
1049,0.3424115777015686
1050,0.37939055263996124
1051,0.38149961829185486
1052,0.3810594975948334
1053,0.35552065074443817
1054,0.35887807607650757
1055,0.35562625527381897
1056,0.37921571731567383
1057,0.35151180624961853
1058,0.3567003309726715
1059,0.3687027096748352
1060,0.37715689837932587
1061,0.352829173207283
1062,0.3622719645500183
1063,0.3716701865196228
1064,0.3723476231098175
1065,0.34444932639598846
1066,0.3632921725511551
1067,0.35116931796073914
1068,0.333792582154274
1069,0.35294294357299805
1070,0.35059094429016113
1071,0.3339637815952301
1072,0.3700578063726425
1073,0.36272455751895905
1074,0.37320390343666077
1075,0.3502471148967743
1076,0.3653375208377838
1077,0.35822270810604095
1078,0.36691707372665405
1079,0.3879535049200058
1080,0.3392757326364517
1081,0.35346005856990814
1082,0.3256947696208954
1083,0.3534090667963028
1084,0.35589949786663055
1085,0.33873720467090607
1086,0.33885666728019714
1087,0.35574671626091003
1088,0.3393423855304718
1089,0.32516758143901825
1090,0.3481687903404236
1091,0.3349343538284302
1092,0.34083153307437897
1093,0.3624965697526932
1094,0.36715811491012573
1095,0.36400051414966583
1096,0.3374583125114441
1097,0.3394073396921158
1098,0.3405112773180008
1099,0.34708593785762787
1100,0.3477666825056076
1101,0.3444119393825531
1102,0.3722379356622696
1103,0.354168176651001
1104,0.3624359518289566
1105,0.3529302030801773
1106,0.3797440677881241
1107,0.33807483315467834
1108,0.35816194117069244
1109,0.35144080221652985
1110,0.37877798080444336
1111,0.3670355826616287
1112,0.3388703912496567
1113,0.3432607203722
1114,0.37253977358341217
1115,0.3502209037542343
1116,0.3449239134788513
1117,0.3410784900188446
1118,0.3771733194589615
1119,0.34575125575065613
1120,0.32059700787067413
1121,0.33417610824108124
1122,0.355838418006897
1123,0.3340696543455124
1124,0.35355643928050995
1125,0.3506738543510437
1126,0.3789389580488205
1127,0.3174215108156204
1128,0.3341783881187439
1129,0.3460233807563782
1130,0.34037962555885315
1131,0.3521401733160019
1132,0.3780839592218399
1133,0.3581678122282028
1134,0.3360082358121872
1135,0.33865170180797577
1136,0.3387922942638397
1137,0.3204820156097412
1138,0.33255191147327423
1139,0.3624412566423416
1140,0.32433149218559265
1141,0.3551378399133682
1142,0.3355437219142914
1143,0.3581498712301254
1144,0.35806912183761597
1145,0.32971182465553284
1146,0.35727986693382263
1147,0.36087021231651306
1148,0.3134196102619171
1149,0.3326650559902191
1150,0.3312986493110657
1151,0.36814621090888977
1152,0.35053691267967224
1153,0.3613854646682739
1154,0.31823717057704926
1155,0.3498028814792633
1156,0.31924356520175934
1157,0.377801775932312
1158,0.31841641664505005
1159,0.3460807502269745
1160,0.36322832107543945
1161,0.3313242793083191
1162,0.3521581441164017
1163,0.3534438759088516
1164,0.34619084000587463
1165,0.3584083467721939
1166,0.36169828474521637
1167,0.3233727514743805
1168,0.33073534071445465
1169,0.3513467013835907
1170,0.3821302205324173
1171,0.34697096049785614
1172,0.3783073425292969
1173,0.338246613740921
1174,0.34651005268096924
1175,0.3286794126033783
1176,0.346774160861969
1177,0.36024074256420135
1178,0.3403823673725128
1179,0.3646682798862457
1180,0.3170100599527359
1181,0.35512083768844604
1182,0.35529328882694244
1183,0.3490089625120163
1184,0.33810660243034363
1185,0.3464583158493042
1186,0.3472387492656708
1187,0.3737476021051407
1188,0.36687423288822174
1189,0.357800155878067
1190,0.35207340121269226
1191,0.3468099385499954
1192,0.36480534076690674
1193,0.36785320937633514
1194,0.3528069406747818
1195,0.34503279626369476
1196,0.3655931055545807
1197,0.3615698367357254
1198,0.34033092856407166
1199,0.35328614711761475
1200,0.32292915880680084
1201,0.3571401983499527
1202,0.341709703207016
1203,0.34907831251621246
1204,0.317209929227829
1205,0.325492799282074
1206,0.35244107246398926
1207,0.3501907289028168
1208,0.33900488913059235
1209,0.33968034386634827
1210,0.35564514994621277
1211,0.35264602303504944
1212,0.35025985538959503
1213,0.33935733139514923
1214,0.33287398517131805
1215,0.35646773874759674
1216,0.34571024775505066
1217,0.3342394530773163
1218,0.34462693333625793
1219,0.34193408489227295
1220,0.3794388622045517
1221,0.352629154920578
1222,0.37481164932250977
1223,0.32535116374492645
1224,0.35393473505973816
1225,0.3435764014720917
1226,0.34031942486763
1227,0.36698785424232483
1228,0.35461103916168213
1229,0.3357617259025574
1230,0.36039985716342926
1231,0.3431455045938492
1232,0.32683828473091125
1233,0.36333703994750977
1234,0.36342962086200714
1235,0.3577329069375992
1236,0.32632091641426086
1237,0.36513248085975647
1238,0.33769917488098145
1239,0.31435106694698334
1240,0.3539348840713501
1241,0.3683025538921356
1242,0.3388091027736664
1243,0.36325596272945404
1244,0.3481655567884445
1245,0.35277678072452545
1246,0.33418209850788116
1247,0.3652147650718689
1248,0.3429705947637558
1249,0.3195832669734955
1250,0.3144247382879257
1251,0.3604593425989151
1252,0.34213556349277496
1253,0.36746644973754883
1254,0.3678944557905197
1255,0.33800189197063446
1256,0.3337011933326721
1257,0.32953065633773804
1258,0.3853190094232559
1259,0.3391977697610855
1260,0.33190616965293884
1261,0.3598915934562683
1262,0.3432452082633972
1263,0.34422244131565094
1264,0.3424074500799179
1265,0.34029655158519745
1266,0.34923163056373596
1267,0.3438407927751541
1268,0.3595750033855438
1269,0.3504765182733536
1270,0.34272848069667816
1271,0.3329542279243469
1272,0.3211303651332855
1273,0.35673075914382935
1274,0.338667169213295
1275,0.35783956944942474
1276,0.3286794126033783
1277,0.34171755611896515
1278,0.3521186262369156
1279,0.351362481713295
1280,0.36905910074710846
1281,0.36343683302402496
1282,0.3685797154903412
1283,0.33093853294849396
1284,0.34644395112991333
1285,0.3604740798473358
1286,0.3377029448747635
1287,0.35645413398742676
1288,0.3566151559352875
1289,0.3502935767173767
1290,0.3536728024482727
1291,0.3457418531179428
1292,0.3585755527019501
1293,0.3537791073322296
1294,0.36148425936698914
1295,0.3494535982608795
1296,0.3603442460298538
1297,0.34525248408317566
1298,0.32498595118522644
1299,0.35710449516773224
1300,0.3416154831647873
1301,0.3503202050924301
1302,0.3693589121103287
1303,0.34635163843631744
1304,0.36452990770339966
1305,0.34961362183094025
1306,0.3478160798549652
1307,0.3388797789812088
1308,0.3468227684497833
1309,0.34600600600242615
1310,0.33398430049419403
1311,0.33545373380184174
1312,0.31626997888088226
1313,0.3503095805644989
1314,0.3395008146762848
1315,0.34106214344501495
1316,0.3364250808954239
1317,0.34197887778282166
1318,0.361863374710083
1319,0.33888138830661774
1320,0.35201743245124817
1321,0.35574871301651
1322,0.31012172996997833
1323,0.37675441801548004
1324,0.3460192382335663
1325,0.346192866563797
1326,0.34385162591934204
1327,0.3482609838247299
1328,0.3427499234676361
1329,0.349941149353981
1330,0.35043735802173615
1331,0.3331434279680252
1332,0.3326224982738495
1333,0.3350582420825958
1334,0.34471550583839417
1335,0.3428518623113632
1336,0.34363898634910583
1337,0.33671335875988007
1338,0.341667965054512
1339,0.36384324729442596
1340,0.3382711708545685
1341,0.35839226841926575
1342,0.3704238831996918
1343,0.3450860530138016
1344,0.3484497666358948
1345,0.34225234389305115
1346,0.3321390151977539
1347,0.33707912266254425
1348,0.3716345429420471
1349,0.36609742045402527
1350,0.32215841114521027
1351,0.34641316533088684
1352,0.3389783948659897
1353,0.3740099221467972
1354,0.32214614748954773
1355,0.35984404385089874
1356,0.3351854681968689
1357,0.3706488162279129
1358,0.36002030968666077
1359,0.34686361253261566
1360,0.32763250172138214
1361,0.3509284406900406
1362,0.35572096705436707
1363,0.35131555795669556
1364,0.35259565711021423
1365,0.35282112658023834
1366,0.34726712107658386
1367,0.3353003114461899
1368,0.3542742431163788
1369,0.3437240570783615
1370,0.3594517409801483
1371,0.38387778401374817
1372,0.33133432269096375
1373,0.34435729682445526
1374,0.3591591715812683
1375,0.3655893802642822
1376,0.32998640835285187
1377,0.37114934623241425
1378,0.34994716942310333
1379,0.33197222650051117
1380,0.3329512029886246
1381,0.3349124938249588
1382,0.3673115372657776
1383,0.35642407834529877
1384,0.3380625694990158
1385,0.34365734457969666
1386,0.33931127190589905
1387,0.32656535506248474
1388,0.3327848017215729
1389,0.3413185775279999
1390,0.34708699584007263
1391,0.360395148396492
1392,0.3456116020679474
1393,0.34323252737522125
1394,0.3380574733018875
1395,0.3632199168205261
1396,0.34692391753196716
1397,0.3543274849653244
1398,0.336685374379158
1399,0.3314850926399231
1400,0.3395857959985733
1401,0.33397428691387177
1402,0.3562117964029312
1403,0.31754130125045776
1404,0.3314700573682785
1405,0.3304865062236786
1406,0.32371681928634644
1407,0.3241644948720932
1408,0.329213485121727
1409,0.3485379219055176
1410,0.33857980370521545
1411,0.3531794250011444
1412,0.36728276312351227
1413,0.37216274440288544
1414,0.3453666865825653
1415,0.33749137818813324
1416,0.3422447592020035
1417,0.35741136968135834
1418,0.3243975192308426
1419,0.3360477685928345
1420,0.35845164954662323
1421,0.3480781763792038
1422,0.3345532715320587
1423,0.33576221764087677
1424,0.3702421188354492
1425,0.35253286361694336
1426,0.3287745863199234
1427,0.3177381455898285
1428,0.3397497981786728
1429,0.3562574088573456
1430,0.3408580720424652
1431,0.33468130230903625
1432,0.3306718170642853
1433,0.3293992877006531
1434,0.3282123804092407
1435,0.3595469892024994
1436,0.3491651266813278
1437,0.3246033638715744
1438,0.322980135679245
1439,0.33733178675174713
1440,0.34269584715366364
1441,0.33902163803577423
1442,0.3265620917081833
1443,0.33396852016448975
1444,0.3418213129043579
1445,0.3356638103723526
1446,0.37734363973140717
1447,0.3535475432872772
1448,0.35221685469150543
1449,0.34501297771930695
1450,0.3315533995628357
1451,0.34321197867393494
1452,0.33325305581092834
1453,0.3529687970876694
1454,0.3238056153059006
1455,0.32029905915260315
1456,0.33082637190818787
1457,0.330122172832489
1458,0.349600225687027
1459,0.3164365738630295
1460,0.33801375329494476
1461,0.35246123373508453
1462,0.35230404138565063
1463,0.33578935265541077
1464,0.3495297282934189
1465,0.3500113785266876
1466,0.3314705640077591
1467,0.35977527499198914
1468,0.3425528407096863
1469,0.3194994479417801
1470,0.35874493420124054
1471,0.32273125648498535
1472,0.35397741198539734
1473,0.3466531038284302
1474,0.3483438193798065
1475,0.31866635382175446
1476,0.3463840037584305
1477,0.36913417279720306
1478,0.3577290028333664
1479,0.33816392719745636
1480,0.37076224386692047
1481,0.3439548462629318
1482,0.37826940417289734
1483,0.3387744575738907
1484,0.34247279167175293
1485,0.36553481221199036
1486,0.33385470509529114
1487,0.37285107374191284
1488,0.33170634508132935
1489,0.36154626309871674
1490,0.338920921087265
1491,0.3498108386993408
1492,0.3386000692844391
1493,0.33518725633621216
1494,0.33710913360118866
1495,0.3440812826156616
1496,0.34457989037036896
1497,0.36030951142311096
1498,0.3430745303630829
1499,0.3451392352581024
1500,0.35079991817474365
1501,0.31036703288555145
1502,0.3519924134016037
1503,0.3281518518924713
1504,0.33167271316051483
1505,0.31946587562561035
1506,0.3313919007778168
1507,0.33083057403564453
1508,0.33471404016017914
1509,0.3448627144098282
1510,0.3493460863828659
1511,0.33468879759311676
1512,0.3597196787595749
1513,0.34107278287410736
1514,0.33702246844768524
1515,0.3547731786966324
1516,0.3601057231426239
1517,0.3583890348672867
1518,0.32503022253513336
1519,0.3605959862470627
1520,0.3319281190633774
1521,0.3765746057033539
1522,0.34910714626312256
1523,0.3364991396665573
1524,0.3475686013698578
1525,0.3340986371040344
1526,0.34144406020641327
1527,0.32119472324848175
1528,0.33418723940849304
1529,0.3525969684123993
1530,0.3372338265180588
1531,0.3709467053413391
1532,0.3370548337697983
1533,0.3408362716436386
1534,0.3502670228481293
1535,0.34653539955616
1536,0.327317014336586
1537,0.33612269163131714
1538,0.3587597459554672
1539,0.3096484839916229
1540,0.36763426661491394
1541,0.3524239659309387
1542,0.34706637263298035
1543,0.34152308106422424
1544,0.3542357385158539
1545,0.335138663649559
1546,0.33583104610443115
1547,0.33183105289936066
1548,0.332893431186676
1549,0.34794341027736664
1550,0.3326450288295746
1551,0.3199712485074997
1552,0.3245203346014023
1553,0.32840751111507416
1554,0.35426056385040283
1555,0.33935917913913727
1556,0.35017073154449463
1557,0.32541537284851074
1558,0.3225764334201813
1559,0.3322070688009262
1560,0.33571095764636993
1561,0.352373331785202
1562,0.3463446646928787
1563,0.3159105032682419
1564,0.33430786430835724
1565,0.32369203865528107
1566,0.33869802951812744
1567,0.3175056576728821
1568,0.33381883800029755
1569,0.3230642229318619
1570,0.3274513930082321
1571,0.32383739948272705
1572,0.3483845740556717
1573,0.3479309529066086
1574,0.34274399280548096
1575,0.3229781687259674
1576,0.33253782987594604
1577,0.34550294280052185
1578,0.34457336366176605
1579,0.350940003991127
1580,0.36574700474739075
1581,0.33279378712177277
1582,0.3216012418270111
1583,0.3587118685245514
1584,0.3217793256044388
1585,0.3298487365245819
1586,0.3467961549758911
1587,0.3324863165616989
1588,0.37218958139419556
1589,0.3451799899339676
1590,0.32805487513542175
1591,0.3215983361005783
1592,0.3286803066730499
1593,0.36780551075935364
1594,0.34829212725162506
1595,0.3262990713119507
1596,0.3488929569721222
1597,0.35380759835243225
1598,0.3435385227203369
1599,0.33855418860912323
1600,0.32578715682029724
1601,0.3055977076292038
1602,0.3340557813644409
1603,0.3244580924510956
1604,0.34979914128780365
1605,0.33653585612773895
1606,0.3294132500886917
1607,0.3373768627643585
1608,0.38369230926036835
1609,0.34781138598918915
1610,0.3344621807336807
1611,0.31859728693962097
1612,0.3332531452178955
1613,0.3324989080429077
1614,0.34488537907600403
1615,0.34807345271110535
1616,0.3357093334197998
1617,0.34409406781196594
1618,0.351947620511055
1619,0.34707388281822205
1620,0.3240791857242584
1621,0.37410177290439606
1622,0.3335195332765579
1623,0.35036878287792206
1624,0.36441439390182495
1625,0.33072739839553833
1626,0.3616507947444916
1627,0.33346526324748993
1628,0.3428378999233246
1629,0.3265574872493744
1630,0.34075023233890533
1631,0.3479207456111908
1632,0.3272314965724945
1633,0.33389411866664886
1634,0.33562423288822174
1635,0.3404613733291626
1636,0.32768039405345917
1637,0.34301379323005676
1638,0.3393826186656952
1639,0.3492351770401001
1640,0.33453527092933655
1641,0.3350755274295807
1642,0.3343076705932617
1643,0.32255490124225616
1644,0.3373594135046005
1645,0.33443331718444824
1646,0.3356389105319977
1647,0.34023335576057434
1648,0.3743625432252884
1649,0.32620373368263245
1650,0.33871421217918396
1651,0.307314470410347
1652,0.3301055580377579
1653,0.33928991854190826
1654,0.35087938606739044
1655,0.3374558389186859
1656,0.3149797022342682
1657,0.3329983949661255
1658,0.3477443903684616
1659,0.31450366973876953
1660,0.31456685066223145
1661,0.3474092036485672
1662,0.33005502820014954
1663,0.34403909742832184
1664,0.3308917433023453
1665,0.3203250765800476
1666,0.3293909728527069
1667,0.3396305739879608
1668,0.3688919395208359
1669,0.3297129124403
1670,0.31032098829746246
1671,0.31814342737197876
1672,0.3271268159151077
1673,0.32304348051548004
1674,0.3663855493068695
1675,0.36075468361377716
1676,0.33067668974399567
1677,0.34937550127506256
1678,0.3384965509176254
1679,0.3153528422117233
1680,0.3377014696598053
1681,0.3352118283510208
1682,0.3329465091228485
1683,0.35429470241069794
1684,0.304219126701355
1685,0.3261377662420273
1686,0.34980398416519165
1687,0.3207932412624359
1688,0.3505866974592209
1689,0.3284260481595993
1690,0.3223220109939575
1691,0.3495132178068161
1692,0.3326117843389511
1693,0.31547825038433075
1694,0.35824359953403473
1695,0.32143548130989075
1696,0.32960277795791626
1697,0.3508090674877167
1698,0.35017478466033936
1699,0.3297658711671829
1700,0.33818306028842926
1701,0.34406349062919617
1702,0.3535504639148712
1703,0.3353596329689026
1704,0.3483157455921173
1705,0.35275954008102417
1706,0.35449835658073425
1707,0.330454021692276
1708,0.36095234751701355
1709,0.35638001561164856
1710,0.3306550085544586
1711,0.34363240003585815
1712,0.32200178503990173
1713,0.33533865213394165
1714,0.3321336358785629
1715,0.3432970494031906
1716,0.3688759356737137
1717,0.3151550441980362
1718,0.3284417986869812
1719,0.347561314702034
1720,0.32206912338733673
1721,0.329467236995697
1722,0.3204711824655533
1723,0.36619843542575836
1724,0.3574516475200653
1725,0.34205421805381775
1726,0.31542375683784485
1727,0.3407212197780609
1728,0.336199015378952
1729,0.3401518762111664
1730,0.3329847753047943
1731,0.3324658125638962
1732,0.3423706442117691
1733,0.3453926295042038
1734,0.3296259045600891
1735,0.33768072724342346
1736,0.34878192842006683
1737,0.3309556245803833
1738,0.332973450422287
1739,0.34993045032024384
1740,0.3458193391561508
1741,0.36233754456043243
1742,0.3486313819885254
1743,0.3075639307498932
1744,0.32582226395606995
1745,0.33225059509277344
1746,0.3287779539823532
1747,0.3477063477039337
1748,0.36461926996707916
1749,0.34715278446674347
1750,0.36733126640319824
1751,0.3410606235265732
1752,0.37683379650115967
1753,0.3356791138648987
1754,0.33934035897254944
1755,0.32802364230155945
1756,0.34339118003845215
1757,0.3772157281637192
1758,0.3323119133710861
1759,0.32306085526943207
1760,0.32535524666309357
1761,0.35515011847019196
1762,0.3493674695491791
1763,0.32423558831214905
1764,0.34748488664627075
1765,0.3300701975822449
1766,0.3740566819906235
1767,0.3757794499397278
1768,0.3250148594379425
1769,0.32973915338516235
1770,0.3204272836446762
1771,0.3229217678308487
1772,0.3659813106060028
1773,0.3301636129617691
1774,0.3524686396121979
1775,0.3287115693092346
1776,0.34828220307826996
1777,0.3334273397922516
1778,0.3402480334043503
1779,0.33547623455524445
1780,0.3503270745277405
1781,0.34328578412532806
1782,0.323287233710289
1783,0.34002113342285156
1784,0.30447471141815186
1785,0.379222571849823
1786,0.34261319041252136
1787,0.32784926891326904
1788,0.3582933396100998
1789,0.35094305872917175
1790,0.3388936072587967
1791,0.32272641360759735
1792,0.36317767202854156
1793,0.3178631514310837
1794,0.3504140377044678
1795,0.31543412804603577
1796,0.337617889046669
1797,0.32588332891464233
1798,0.32890552282333374
1799,0.30960914492607117
1800,0.3243008852005005
1801,0.3505347967147827
1802,0.34615345299243927
1803,0.3252212703227997
1804,0.31803128123283386
1805,0.3325749635696411
1806,0.3442670702934265
1807,0.35957005620002747
1808,0.33098210394382477
1809,0.31102892756462097
1810,0.35087743401527405
1811,0.33931949734687805
1812,0.3192046284675598
1813,0.3150838017463684
1814,0.35035765171051025
1815,0.31727057695388794
1816,0.33346524834632874
1817,0.33909328281879425
1818,0.3486167937517166
1819,0.33424240350723267
1820,0.34140171110630035
1821,0.30990052223205566
1822,0.3363274782896042
1823,0.3203991502523422
1824,0.3396933674812317
1825,0.33914655447006226
1826,0.31823278963565826
1827,0.3353292793035507
1828,0.3366999626159668
1829,0.33282431960105896
1830,0.3381225913763046
1831,0.3413759618997574
1832,0.3225354552268982
1833,0.31748437881469727
1834,0.33117805421352386
1835,0.3341309428215027
1836,0.3311629891395569
1837,0.3020995557308197
1838,0.3406848758459091
1839,0.3232133984565735
1840,0.3366437405347824
1841,0.322761669754982
1842,0.3111232668161392
1843,0.3455082029104233
1844,0.35359738767147064
1845,0.31977398693561554
1846,0.3421437442302704
1847,0.3281264156103134
1848,0.35569798946380615
1849,0.33776165544986725
1850,0.34548889100551605
1851,0.3055761605501175
1852,0.3637574017047882
1853,0.3080088198184967
1854,0.3457157611846924
1855,0.31654971837997437
1856,0.36015745997428894
1857,0.35118305683135986
1858,0.3175003230571747
1859,0.34300076961517334
1860,0.3410790115594864
1861,0.3627506047487259
1862,0.3461769372224808
1863,0.34907950460910797
1864,0.3390590399503708
1865,0.35992351174354553
1866,0.34162604808807373
1867,0.35137614607810974
1868,0.3262563496828079
1869,0.35440078377723694
1870,0.3217344731092453
1871,0.3404988795518875
1872,0.35574688017368317
1873,0.33392277359962463
1874,0.3339499533176422
1875,0.3253902196884155
1876,0.3467412292957306
1877,0.34158024191856384
1878,0.3279825448989868
1879,0.3361215740442276
1880,0.340327188372612
1881,0.3427724391222
1882,0.3649047017097473
1883,0.36950501799583435
1884,0.3248666971921921
1885,0.3543187081813812
1886,0.34725888073444366
1887,0.3333141952753067
1888,0.3385067880153656
1889,0.32313700020313263
1890,0.33856309950351715
1891,0.3335389494895935
1892,0.34693630039691925
1893,0.33909785747528076
1894,0.3077041357755661
1895,0.3340170830488205
1896,0.34366747736930847
1897,0.3238140046596527
1898,0.33133643865585327
1899,0.3464583456516266
1900,0.33867432177066803
1901,0.32108862698078156
1902,0.3557167202234268
1903,0.35160577297210693
1904,0.31594158709049225
1905,0.32375431060791016
1906,0.3395061045885086
1907,0.3204749822616577
1908,0.30863435566425323
1909,0.3548547476530075
1910,0.31795667111873627
1911,0.31335294246673584
1912,0.3335866928100586
1913,0.35137616097927094
1914,0.34871599078178406
1915,0.3231467753648758
1916,0.35577139258384705
1917,0.32893411815166473
1918,0.3368026912212372
1919,0.3384096622467041
1920,0.31566402316093445
1921,0.3312353938817978
1922,0.333446204662323
1923,0.31066596508026123
1924,0.3209201544523239
1925,0.3137964755296707
1926,0.33883948624134064
1927,0.33291788399219513
1928,0.33552178740501404
1929,0.3492171913385391
1930,0.3397458344697952
1931,0.3274489641189575
1932,0.32727040350437164
1933,0.34580111503601074
1934,0.327908992767334
1935,0.3148987293243408
1936,0.32636813819408417
1937,0.3436162918806076
1938,0.3419981747865677
1939,0.31472818553447723
1940,0.30836620926856995
1941,0.3276246041059494
1942,0.3285360336303711
1943,0.32553642988204956
1944,0.32697348296642303
1945,0.30496540665626526
1946,0.3169323801994324
1947,0.32637234032154083
1948,0.3154204785823822
1949,0.3294709771871567
1950,0.3084969073534012
1951,0.31429341435432434
1952,0.32612843811511993
1953,0.328804612159729
1954,0.3284970223903656
1955,0.32252806425094604
1956,0.3432929366827011
1957,0.30366575717926025
1958,0.35267920792102814
1959,0.32102230191230774
1960,0.3405229449272156
1961,0.34951822459697723
1962,0.32550695538520813
1963,0.3457273095846176
1964,0.3333195447921753
1965,0.34274454414844513
1966,0.33865225315093994
1967,0.3400012254714966
1968,0.3338909298181534
1969,0.341492623090744
1970,0.34128688275814056
1971,0.3333451747894287
1972,0.32827791571617126
1973,0.32382434606552124
1974,0.3310492932796478
1975,0.2995440661907196
1976,0.33091017603874207
1977,0.33561378717422485
1978,0.3543160706758499
1979,0.3236839175224304
1980,0.32547540962696075
1981,0.32886581122875214
1982,0.3421228975057602
1983,0.32958652079105377
1984,0.3238960802555084
1985,0.31702736020088196
1986,0.33557477593421936
1987,0.33742256462574005
1988,0.3151031583547592
1989,0.35739366710186005
1990,0.3220639079809189
1991,0.3486684262752533
1992,0.35500019788742065
1993,0.338694766163826
1994,0.337203249335289
1995,0.3485001474618912
1996,0.3198011964559555
1997,0.31692497432231903
1998,0.3206728398799896
1999,0.3284265995025635
